Car_Make,Car_Model,Year,Engine_Size,Horsepower,Torque,Time,Price
Porsche,911,2022,3,379,331,4,"101,2"
Lamborghini,Huracan,2021,5.2,630,443,2.8,"274,39"
Ferrari,488 GTB,2022,3.9,661,561,3,"333,75"
Audi,R8,2022,5.2,562,406,3.2,"142,7"
McLaren,720S,2021,4,710,568,2.7,298
BMW,M8,2022,4.4,617,553,3.1,130
Mercedes-Benz,AMG GT,2021,4,523,494,3.8,"118,5"
Chevrolet,Corvette,2021,6.2,490,465,2.8,"59,9"
Ford,Mustang Shelby GT500,2022,5.2,760,625,3.5,81
Nissan,GT-R Nismo,2021,3.8,600,481,2.5,212
Aston Martin,DB11,2021,5.2,630,516,3.5,"201,495"
Bugatti,Chiron,2021,8,1500,1180,2.4,"3,000,000"
Dodge,Challenger SRT Hellcat,2022,6.2,717,656,3.5,61
Jaguar,F-Type,2022,3,296,295,5.4,"70,1"
Koenigsegg,Jesko,2021,5,1280,1015,2.5,"2,800,000"
Lexus,LC 500,2021,5,471,398,4.4,"92,95"
Lotus,Evora GT,2021,3.5,416,317,3.8,"104,45"
Maserati,GranTurismo,2021,4.7,454,384,4.8,150
Porsche,Boxster,2021,2,300,280,4.7,62
Alfa Romeo,Giulia Quadrifoglio,2022,2.9,505,443,3.8,78
Ariel,Atom,2021,2,320,243,2.8,75
Bentley,Continental GT,2021,6,626,664,3.6,225
McLaren,Artura,2022,3,671,531,3,225
Mercedes-AMG,SLS AMG,2021,6.2,622,468,3.5,248
Pagani,Huayra,2021,6,720,737,2.8,"2,800,000"
Polestar,1,2021,2,600,738,4.1,155
Rimac,Nevera,2022,Electric,1914,1696,1.85,"2,400,000"
Porsche,Cayman GT4,2022,4,414,309,3.8,"100,2"
Lamborghini,Aventador SVJ,2021,6.5,759,531,2.8,"517,77"
Ferrari,SF90 Stradale,2021,4,986,590,2.5,625
Audi,RS7,2022,4,591,590,3.5,117
McLaren,Artura,2021,3,671,531,3,225
BMW,M4,2022,3,503,479,3.8,"72,8"
Mercedes-Benz,SLS AMG,2015,6.2,622,468,3.2,222
Chevrolet,Camaro ZL1,2021,6.2,650,650,3.5,"64,695"
Ford,GT,2022,3.5,660,550,3,500
Nissan,370Z Nismo,2021,3.7,350,276,4.5,"45,69"
Porsche,Taycan 4S,2022,Electric Motor,562,479,3.8,104
Lamborghini,Urus,2021,4,641,626,3.5,218
Ferrari,Roma,2021,3.9,611,561,3.3,222
Audi,RS3,2022,2.5,394,369,3.9,57
McLaren,GT,2021,4,612,465,3.1,210
BMW,i8,2020,1.5 + Electric,369,420,4.2,"148,5"
Mercedes-Benz,CLS63 AMG,2019,4,603,627,3.4,132
Porsche,Cayman,2021,2,300,280,5.1,"58,9"
Lamborghini,Aventador SVJ,2021,6.5,759,531,2.8,518
Ferrari,SF90 Stradale,2021,4,986,590,2.5,625
Audi,RS3,2022,2.5,394,369,3.9,"56,2"
McLaren,570S,2021,3.8,562,443,2.8,"192,5"
BMW,M4,2022,3,503,479,3.8,"71,8"
Mercedes-Benz,AMG C63,2021,4,503,516,3.8,68
Chevrolet,Camaro SS,2021,6.2,455,455,4.1,"42,5"
Ford,Mustang GT,2022,5,460,420,4.3,39
Nissan,370Z Nismo,2021,3.7,350,276,4.8,"46,1"
Aston Martin,Vantage,2021,4,503,505,3.5,"142,1"
Lotus,Evora GT,2021,3.5,416,317,3.8,105
Porsche,Panamera,2021,2.9,325,331,5.1,"87,2"
Lamborghini,Urus,2021,4,641,627,3.2,218
Ferrari,Roma,2021,3.9,612,560,3.4,222
Audi,S5,2022,3,349,369,4.4,"52,5"
McLaren,600LT,2021,3.8,592,457,2.8,241
BMW,M5,2022,4.4,600,553,3.2,"103,5"
Aston Martin,Vantage,2022,4,503,505,3.5,146
Audi,RS5,2021,2.9,444,443,3.6,"75,4"
BMW,M2,2022,3,405,406,4,"58,9"
Chevrolet,Camaro SS,2021,6.2,455,455,4,"42,9"
Dodge,Challenger SRT Hellcat Redeye,2022,6.2,797,707,3.4,"78,595"
Ford,GT,2021,3.5,660,550,3,500
Jaguar,F-Type,2022,2,296,295,5.4,"62,75"
Lamborghini,Aventador,2021,6.5,770,531,2.9,"417,826"
Maserati,GranTurismo,2021,4.7,454,384,4.7,"150,98"
McLaren,Artura,2022,3,671,531,3,225
Mercedes-Benz,C63 AMG,2021,4,503,516,3.8,"70,1"
Nissan,370Z,2021,3.7,332,270,5,"30,09"
Porsche,Panamera,2022,2.9,325,331,5.3,"88,7"
Audi,TT RS,2021,2.5,394,354,3.6,"67,6"
BMW,M4,2022,3,473,406,4.1,"72,8"
Chevrolet,Corvette Stingray,2021,6.2,490,465,2.8,"59,9"
Ferrari,F8 Tributo,2021,3.9,710,568,2.8,"274,28"
Ford,Mustang Mach 1,2021,5,480,420,4.3,"52,915"
Lamborghini,Urus,2021,4,641,627,3.6,"218,009"
Porsche,718 Cayman,2022,2,300,280,4.5,61
Acura,NSX,2022,3.5,573,476,2.9,"159,495"
Aston Martin,Vantage,2022,4,503,505,3.5,"142,086"
Bentley,Continental GT,2021,6,626,664,3.3,"219,8"
Bugatti,Chiron,2022,8,1500,1180,2.4,"3,000,000"
Dodge,Challenger SRT Hellcat Redeye,2022,6.2,797,707,3.4,"74,29"
Jaguar,F-Type,2022,3,380,339,4.9,"71,9"
Koenigsegg,Jesko,2022,5,1600,1106,2.5,"3,000,000"
Lexus,LC 500,2022,5,471,398,4.4,"92,95"
Lotus,Evora GT,2021,3.5,416,317,3.8,105
Maserati,GranTurismo,2022,4.7,454,384,4.7,"134,3"
Mazda,MX-5 Miata,2021,2,181,151,6.5,"26,83"
McLaren,GT,2022,4,620,465,3.1,"213,195"
Mercedes-Benz,SLS AMG,2015,6.2,622,468,3.7,"221,58"
Pagani,Huayra,2022,6,764,738,2.8,"2,800,000"
Porsche,718 Cayman GT4,2022,4,414,309,4.2,"100,55"
Rimac,Nevera,2022,Electric,1914,1696,1.95,"2,400,000"
Rolls-Royce,Wraith,2021,6.8,624,605,4.4,330
Tesla,Roadster,2022,Electric,1000+,737,1.9,200
Toyota,Supra,2022,3,382,368,3.9,"43,09"
W Motors,Fenyr Supersport,2022,3.8,800,723,2.7,"1,700,000"
Porsche,718 Cayman,2022,2,300,280,4.7,"60,5"
Lamborghini,Aventador,2021,6.5,770,531,2.9,522
Ferrari,SF90 Stradale,2021,4,986,590,2.5,625
Audi,TT RS,2022,2.5,394,354,3.4,67
McLaren,GT,2021,4,612,465,3.1,"212,5"
BMW,M4,2022,3,503,479,3.8,75
Mercedes-Benz,SL 63 AMG,2021,4,603,664,3.5,155
Chevrolet,Camaro ZL1,2021,6.2,650,650,3.5,64
Ford,GT,2022,3.5,660,550,2.8,500
Nissan,370Z,2021,3.7,332,270,4.7,"31,015"
Aston Martin,DBS Superleggera,2021,5.2,715,664,3.4,"304,995"
Bugatti,Chiron,2021,8,1500,1180,2.4,"3,000,000"
Lotus,Evora GT,2021,3.5,416,317,3.8,105
McLaren,570S,2021,3.8,562,443,3.2,"192,5"
Porsche,Panamera Turbo S E-Hybrid,2021,4,690,642,3.2,190
Lamborghini,Urus,2021,4,641,627,3.6,222
Ferrari,Roma,2021,3.9,611,561,3.3,222
Audi,RS7,2021,4,591,590,3.5,115
BMW,M2,2022,3,405,406,4.2,59
Porsche,Cayman GT4,2022,4,414,309,4.2,"102,1"
Lamborghini,Aventador,2021,6.5,730,509,2.9,"417,826"
Aston Martin,DBS Superleggera,2021,5.2,715,664,3.2,"304,995"
Bentley,Continental GT,2021,6,626,664,3.6,"220,3"
Audi,RS7,2022,4,591,590,3.5,114
Mercedes-Benz,SLS AMG,2021,6.2,622,468,3.7,"239,1"
McLaren,570S,2021,3.8,562,443,3.1,"192,5"
BMW,M2,2022,3,405,406,4,"58,9"
Chevrolet,Camaro ZL1,2021,6.2,650,650,3.5,"62,5"
Dodge,Challenger SRT Hellcat,2021,6.2,717,656,3.5,"65,29"
Ferrari,Portofino,2021,3.9,592,560,3.5,"219,75"
Porsche,Panamera Turbo S,2022,4,620,604,2.9,"187,7"
Lamborghini,Urus,2021,4,641,627,3.6,"222,004"
Mercedes-Benz,AMG C63,2021,4,469,479,3.8,"71,35"
Aston Martin,Vantage,2021,4,503,505,3.6,146
Audi,S5,2022,3,349,369,4.4,"52,5"
Porsche,Cayman,2022,2.5,365,309,4.5,"68,9"
Lamborghini,Aventador,2021,6.5,730,507,2.8,"517,77"
Ferrari,F8 Tributo,2022,3.9,710,568,2.9,"276,55"
Audi,TT RS,2021,2.5,394,354,3.6,"67,6"
McLaren,570S,2021,3.8,562,443,3.1,"192,5"
BMW,Z4 M40i,2022,3,382,369,3.9,"63,7"
Mercedes-Benz,SLS AMG,2015,6.2,622,468,3.7,"221,58"
Chevrolet,Camaro SS,2022,6.2,455,455,4.1,44
Ford,Mustang Mach 1,2021,5,480,420,4,"51,72"
Nissan,370Z Nismo,2021,3.7,350,276,4.9,"45,79"
Porsche,Panamera,2022,2.9,325,331,5.4,"88,55"
Lamborghini,Urus,2021,4,641,627,3.5,"218,009"
Ferrari,Roma,2021,3.9,612,561,3.3,"222,62"
Audi,RS 3,2022,2.5,401,369,3.6,"56,2"
McLaren,GT,2021,4,612,465,3.2,200
BMW,M2 CS,2022,3,444,406,3.8,"84,595"
Mercedes-Benz,AMG C63,2021,4,503,516,3.8,"77,5"
Chevrolet,Camaro ZL1,2021,6.2,650,650,3.5,"62,5"
Acura,NSX,2021,3.5,573,476,2.7,"157,5"
Aston Martin,DB11,2022,4,503,513,3.7,"204,1"
Bentley,Continental GT,2021,6,626,664,3.4,"220,3"
Bugatti,Chiron,2021,8,1500,1180,2.4,"3,000,000"
Dodge,Viper,2017,8.4,645,600,3.3,120
Jaguar,F-Type,2022,3,380,339,4.9,"69,9"
Koenigsegg,Jesko,2022,5,1600,1106,2.5,"3,000,000"
Lexus,LC 500,2022,5,471,398,4.4,"92,95"
Lotus,Evora GT,2021,3.5,416,317,3.8,"105,95"
Maserati,GranTurismo,2020,4.7,454,384,4.8,150
McLaren,570S,2020,3.8,562,443,3.1,"204,55"
Pagani,Huayra,2020,6,720,738,3,"2,700,000"
Porsche,Cayman GT4,2022,4,414,309,4.2,"102,9"
Rimac,C_Two,2022,N/A,1914,1696,1.9,"2,400,000"
Rolls-Royce,Wraith,2021,6.6,624,605,4.3,330
Shelby,Cobra,1965,7,435,440,4.2,"1,000,000"
Tesla,Model S Plaid,2021,N/A,1020,1050,1.98,"131,19"
Toyota,GR Supra,2022,3,382,368,3.9,"43,09"
TVR,Griffith,2022,5,500,479,3.8,"123,5"
W Motors,Lykan Hypersport,2015,3.7,780,708,2.8,"3,400,000"
Porsche,718 Cayman,2021,2,300,280,4.5,"61,5"
Lamborghini,Aventador SVJ,2021,6.5,770,531,2.8,518
Ferrari,SF90 Stradale,2022,4,986,590,2.5,507
Audi,RS 6,2021,4,591,590,3.5,109
McLaren,GT,2021,4,612,465,3.1,210
BMW,M2 CS,2022,3,444,406,3.8,"84,595"
Mercedes-Benz,SLS AMG,2015,6.2,622,468,3.6,228
Chevrolet,Camaro SS,2021,6.2,455,455,4,42
Ford,GT,2022,3.5,660,550,2.8,500
Nissan,370Z Nismo,2021,3.7,350,276,5,45
Porsche,Taycan,2021,Electric,750,774,2.6,185
Lamborghini,Urus,2021,4,641,627,3.6,"222,004"
Ferrari,F8 Tributo,2021,3.9,710,568,2.9,"276,55"
Audi,RS 3,2022,2.5,401,354,3.5,56
McLaren,570S,2021,3.8,562,443,3.1,191
BMW,M5,2022,4.4,600,553,3.2,104
Mercedes-Benz,AMG C 63,2021,4,469,479,3.9,"69,9"
Chevrolet,Camaro ZL1,2021,6.2,650,650,3.5,64
Porsche,Taycan,2022,2,402,254,5.1,"81,25"
Lamborghini,Aventador,2021,6.5,730,509,2.9,"517,7"
Aston Martin,DBS Superleggera,2022,5.2,715,663,3.4,330
Audi,RS 6 Avant,2021,4,591,590,3.5,109
McLaren,600LT,2021,3.8,592,457,2.8,"242,5"
Mercedes-AMG,C 63 S Coupe,2022,4,503,516,3.7,77
BMW,M4,2022,3,473,406,4.1,"72,8"
Chevrolet,Camaro ZL1,2021,6.2,650,650,3.5,62
Dodge,Challenger SRT Hellcat Redeye,2022,6.2,797,707,3.5,76
Ford,GT,2022,3.5,660,550,2.9,500
Nissan,370Z,2021,3.7,332,270,4.9,"30,09"
Porsche,Panamera,2022,2.9,325,332,5.3,"87,2"
Lamborghini,Urus,2021,4,641,626,3.5,218
Bugatti,Chiron,2021,8,1500,1180,2.3,"3,000,000"
Ferrari,F8 Tributo,2021,3.9,710,568,2.9,"274,28"
Audi,RS 7,2021,4,591,590,3.5,114
McLaren,570S,2021,3.8,562,443,3.1,191
Aston Martin,Vantage,2022,4,503,505,3.5,"142,086"
Jaguar,F-Type,2022,5,575,516,3.5,"103,2"
Porsche,Panamera Turbo S,2021,4,620,604,2.9,"177,7"
Lamborghini,Aventador S,2021,6.5,729,509,2.9,"417,65"
Ferrari,SF90 Stradale,2021,4,986,590,2.5,625
Audi,RS7,2022,4,591,590,3.5,"115,045"
McLaren,600LT,2021,3.8,592,457,2.9,"256,5"
BMW,M2 Competition,2022,3,405,406,4,"59,895"
Mercedes-Benz,S63 AMG,2021,4,603,664,3.4,"152,5"
Chevrolet,Camaro ZL1,2021,6.2,650,650,3.5,"64,695"
Dodge,Challenger SRT Hellcat,2022,6.2,717,656,3.5,"69,995"
Ford,GT,2022,3.5,660,550,2.9,500
Porsche,Taycan Turbo S,2021,N/A,750,774,2.6,185
Lamborghini,Urus,2021,4,641,627,3.2,"218,009"
Ferrari,812 Superfast,2021,6.5,789,530,2.9,"363,73"
Audi,R8 Spyder,2022,5.2,562,406,3.5,"183,3"
McLaren,GT,2021,4,612,465,3.1,210
BMW,M4,2022,3,473,406,4.1,"73,795"
Mercedes-Benz,AMG GT R,2021,4,577,516,3.5,183
Chevrolet,Corvette Stingray,2021,6.2,495,470,2.9,"60,995"
Aston Martin,DB11,2022,5.2,630,516,3.5,207
Bentley,Continental GT,2022,6,626,664,3.5,"203,825"
Jaguar,F-Type R,2021,5,575,516,3.5,"103,2"
Acura,NSX,2022,3.5,573,476,2.7,"157,5"
Lotus,Evora GT,2021,3.5,416,317,3.7,"99,8"
Porsche,Cayman GT4,2021,4,414,309,4.2,"100,2"
Alfa Romeo,4C,2020,1.7,237,258,4.1,"67,15"
Audi,RS5,2022,2.9,444,443,3.7,"77,25"
BMW,M2 Competition,2021,3,405,406,4,"58,9"
Chevrolet,Camaro ZL1,2021,6.2,650,650,3.5,"64,695"
Dodge,Charger SRT Hellcat,2022,6.2,717,650,3.6,"71,49"
Ford,GT,2022,3.5,660,550,2.8,500
Lexus,LC 500,2022,5,471,398,4.4,"92,95"
Maserati,GranTurismo,2020,4.7,454,384,4.8,"150,4"
Nissan,370Z Nismo,2021,3.7,350,276,4.6,"47,82"
Rolls-Royce,Wraith,2022,6.8,624,605,4.4,330
Subaru,WRX STI,2021,2.5,310,290,4.6,"38,17"
Tesla,Model S Plaid,2022,N/A,1020,1050,1.9,"131,19"
Porsche,Cayman GT4,2021,4,414,309,4.2,102
Lamborghini,Aventador,2021,6.5,729,507,2.9,"393,695"
Ferrari,Portofino,2022,3.9,591,413,3.3,"218,75"
Audi,RS7,2021,4,591,590,3.5,114
McLaren,600LT,2021,3.8,592,457,2.8,"256,5"
BMW,M2,2022,3,405,406,4,"58,9"
Mercedes-Benz,AMG GT,2021,4,523,494,3.8,"118,5"
Chevrolet,Camaro SS,2021,6.2,455,455,4.1,"40,59"
Ford,Mustang Mach 1,2021,5,480,420,4,"52,72"
Nissan,370Z Nismo,2021,3.7,350,276,4.6,45
Porsche,Panamera Turbo,2022,4,620,604,3.1,"174,3"
Lamborghini,Urus,2021,4,641,627,3.2,"222,004"
Ferrari,SF90 Stradale,2022,4,986,590,2.5,625
Audi,TT RS,2022,2.5,394,354,3.4,"67,895"
McLaren,GT,2021,4,612,465,3.1,210
Dodge,Challenger SRT Hellcat,2021,6.2,717,656,3.5,"62,29"
Aston Martin,DBS Superleggera,2021,5.2,715,663,3.2,"304,995"
Jaguar,F-Type R,2021,5,575,516,3.5,"103,2"
Lexus,LC 500,2022,5,471,398,4.4,"93,05"
Porsche,Cayman GT4,2022,4,414,309,4.2,"101,2"
BMW,M2 Competition,2022,3,405,406,4,"59,895"
Audi,RS 5 Coupe,2021,2.9,444,443,3.7,"75,1"
Chevrolet,Camaro ZL1,2021,6.2,650,650,3.5,"64,195"
Lotus,Evora GT,2022,3.5,416,317,3.8,105
McLaren,GT,2021,4,612,465,3.1,211
Mercedes-Benz,SLS AMG Black Series,2014,6.2,622,468,3.5,275
Bugatti,Chiron,2021,8,1500,1180,2.4,"2,998,000"
Koenigsegg,Jesko,2021,5,1280,1015,2.5,"3,000,000"
Ferrari,SF90 Stradale,2021,4,986,590,2.5,625
Lamborghini,Aventador SVJ,2020,6.5,770,531,2.8,"573,966"
Rimac,C_Two,2022,Electric,1914,1732,1.85,"2,400,000"
Pagani,Huayra Roadster BC,2021,6,791,774,2.5,"3,500,000"
Pininfarina,Battista,2022,Electric,1874,1696,1.9,"2,500,000"
Acura,NSX,2022,3.5,573,476,2.9,"157,5"
Aston Martin,Vantage,2021,4,503,505,3.5,146
Bentley,Continental GT,2022,4,542,568,3.9,"219,8"
Dodge,Challenger SRT Hellcat,2022,6.2,717,656,3.5,70
Jaguar,F-Type,2022,2,296,295,5.4,"61,6"
Kia,Stinger,2022,3.3,368,376,4.7,"52,2"
Lotus,Evora GT,2021,3.5,416,317,3.8,"100,45"
Maserati,GranTurismo,2021,4.7,454,384,4.8,"134,3"
Porsche,718 Cayman GT4,2022,4,414,309,4.2,"102,55"
Alfa Romeo,Giulia Quadrifoglio,2021,2.9,505,443,3.8,"76,4"
Audi,RS7,2021,4,591,590,3.5,114
BMW,M5,2022,4.4,600,553,3.2,"103,5"
Chevrolet,Camaro ZL1,2022,6.2,650,650,3.5,69
Ford,GT,2022,3.5,660,550,3,500
Lamborghini,Aventador,2021,6.5,770,531,2.8,"417,826"
McLaren,Artura,2021,3,671,531,3,225
Mercedes-Benz,SLS AMG,2021,4,577,516,3.6,"247,5"
Nissan,370Z Nismo,2021,3.7,350,276,4.8,"45,79"
Porsche,Taycan,2022,Electric,616,774,2.6,"79,9"
Tesla,Model S,2022,Electric,1020,1050,1.98,119
Aston Martin,DBS Superleggera,2022,5.2,715,664,3.2,"307,82"
Bentley,Continental GT,2022,4,542,568,3.4,"207,825"
Bugatti,Chiron,2021,8,1479,1180,2.3,"2,998,000"
McLaren,570S,2021,3.8,562,443,3.1,"202,5"
Porsche,Taycan Turbo S,2021,Electric,750,774,2.6,185
Lamborghini,Aventador S,2021,6.5,730,509,2.9,"417,826"
Ferrari,F8 Tributo,2022,3.9,710,568,2.8,"276,55"
Audi,RS 7,2022,4,591,590,3.5,114
BMW,M2 CS,2022,3,444,406,4,"84,595"
Mercedes-Benz,SLS AMG,2021,6.2,622,468,3.2,275
Chevrolet,Camaro ZL1,2021,6.2,650,650,3.5,63
Ford,GT,2022,3.5,660,550,3,500
Jaguar,F-Type,2021,5,575,516,3.5,"103,2"
Lotus,Evora GT,2021,3.5,416,317,3.8,"96,95"
Maserati,GranTurismo,2022,4.7,454,384,4.8,"134,3"
McLaren,765LT,2021,4,755,590,2.8,358
Nissan,370Z,2021,3.7,332,270,5,30
Pagani,Huayra,2021,6,730,738,3,"2,600,000"
Porsche,Panamera Turbo S,2021,4,620,604,2.9,180
Tesla,Model S Plaid,2021,Electric,1020,1050,1.9,"131,1"
Aston Martin,DB11,2021,4,503,513,4,"201,495"
Dodge,Challenger Hellcat Redeye,2022,6.2,797,707,3.4,"82,19"
Lotus,Evora,2021,3.5,416,317,3.8,"96,95"
Acura,NSX,2021,3.5,573,476,2.7,"159,495"
Alfa Romeo,Giulia Quadrifoglio,2021,2.9,505,443,3.8,"76,95"
Bentley,Continental GT,2021,6,626,664,3.3,"202,5"
Jaguar,F-Type,2022,3,380,339,4.9,"70,1"
Koenigsegg,Jesko,2022,5,1280,1015,2.5,"3,000,000"
Lexus,LC 500,2021,5,471,398,4.4,"92,95"
Maserati,GranTurismo,2022,4.7,454,384,4.8,"132,795"
McLaren,GT,2022,4,612,465,3.1,"215,5"
Mercedes-AMG,C 63 S Coupe,2022,4,503,516,3.7,"80,9"
Porsche,718 Cayman,2021,2,300,280,4.9,"59,9"
Rolls-Royce,Wraith,2021,6.8,624,605,4.3,330
Tesla,Roadster,2022,-,1000+,-,1.9,200
Chevrolet,Camaro SS,2021,6.2,455,455,4,40
Ford,GT,2022,3.5,660,550,3,500
Acura,NSX,2022,3.5,573,476,2.7,"157,5"
Aston Martin,DB11,2021,5.2,630,516,3.7,209
Bentley,Continental GT,2022,4,542,568,3.9,"202,5"
Bugatti,Chiron,2021,8,1500,1180,2.4,"3,000,000"
Dodge,Challenger Hellcat,2022,6.2,717,656,3.5,"67,5"
Jaguar,F-Type,2021,5,575,516,3.5,"103,2"
Koenigsegg,Jesko,2022,5,1280,1106,2.5,"2,800,000"
Lexus,LC,2021,5,471,398,4.4,"92,95"
Lotus,Evora GT,2021,3.5,416,317,3.8,"104,2"
Maserati,GranTurismo,2021,4.7,454,384,4.7,"133,05"
McLaren,570S,2021,3.8,562,443,3.1,"196,35"
Mercedes-Benz,AMG C63,2022,4,503,516,3.8,"69,9"
Pagani,Huayra BC,2021,6,791,774,2.7,"2,600,000"
Porsche,Cayman GT4,2022,4,414,309,4.2,"102,9"
Rimac,Nevera,2022,Electric,1914,1696,1.85,"2,400,000"
Rolls-Royce,Wraith,2021,6.7,624,605,4.4,338
Tesla,Roadster,2022,Electric,1000+,"10,000+",1.9,200
Acura,NSX,2022,3.5,573,476,2.7,"157,5"
Aston Martin,Vantage,2021,4,503,505,3.5,150
Bentley,Continental GT,2021,6,626,664,3.6,"218,4"
Dodge,Challenger SRT Hellcat Redeye,2021,6.2,797,707,3.5,73
Jaguar,F-Type R,2022,5,575,516,3.5,"103,2"
Lexus,LC 500,2021,5,471,398,4.4,"92,95"
Lotus,Evora GT,2021,3.5,416,317,3.8,"104,97"
Maserati,GranTurismo,2021,4.7,454,384,4.8,"132,4"
Porsche,Cayman GT4,2021,4,414,309,4.2,"101,2"
Tesla,Roadster,2023,Electric,"1,000+",737,< 1.9,200
Alpine,A110,2021,1.8,288,236,4.4,"71,5"
Audi,RS7,2021,4,591,590,3.5,114
BMW,M4,2021,3,473,406,4.1,"71,8"
Chevrolet,Camaro ZL1,2021,6.2,650,650,3.5,"64,195"
Dodge,Viper,2017,8.4,645,600,3.3,"118,795"
Ferrari,Portofino,2021,3.9,591,560,3.5,"218,75"
Jaguar,F-Type,2022,3,296,295,5.4,"61,6"
Lamborghini,Aventador SVJ,2021,6.5,770,531,2.8,"517,7"
McLaren,600LT,2021,3.8,592,457,2.8,240
Aston Martin,DB11,2021,5.2,630,516,3.5,"221,4"
Bentley,Continental GT,2021,6,626,664,3.6,"202,5"
Bugatti,Chiron,2022,8,1500,1180,2.4,"3,000,000"
Dodge,Challenger SRT Hellcat,2021,6.2,717,656,3.5,"64,1"
Jaguar,F-Type R,2022,5,575,516,3.5,"103,2"
Koenigsegg,Jesko,2022,5,1280,1015,2.5,"2,800,000"
Lexus,LC 500,2021,5,471,398,4.4,"92,95"
Lotus,Evora GT,2021,3.5,416,317,3.8,"100,45"
Maserati,GranTurismo,2021,4.7,454,384,4.8,"150,98"
McLaren,Artura,2022,3,671,531,3,225
Mercedes-AMG,C 63 S,2022,4,503,516,3.7,"81,55"
Pagani,Huayra,2021,6,764,738,2.8,"3,500,000"
Porsche,Cayman GT4,2021,4,414,309,4.2,"102,55"
Rimac,C_Two,2022,N/A,1888,1696,1.8,"2,400,000"
Rolls-Royce,Wraith,2021,6.6,624,642,4.4,330
Tesla,Roadster,2022,N/A,10000+,0,1.9,200
Toyota,Supra,2022,3,382,368,3.9,"43,09"
Acura,NSX,2021,3.5,573,476,2.7,"157,5"
Aston Martin,Vantage,2021,4,503,505,3.5,146
Bentley,Continental GT,2022,4,542,568,3.9,"207,825"
Dodge,Challenger SRT Hellcat,2021,6.2,717,656,3.5,"64,195"
Jaguar,F-Type,2022,3,380,339,4.8,"62,25"
Lexus,LC 500,2022,5,471,398,4.4,92
Lotus,Evora GT,2021,3.5,416,317,3.8,105
Maserati,GranTurismo,2022,4.7,454,384,4.7,"134,3"
McLaren,570S,2022,3.8,562,443,2.9,"204,55"
Porsche,Cayman GT4,2021,4,414,309,4.2,102
Tesla,Model S Plaid,2021,Electric (tri-motor),1020,1050,1.9,"141,19"
Audi,RS 5,2021,2.9,444,443,3.5,"75,1"
BMW,M2 Competition,2022,3,405,406,4,"59,895"
Chevrolet,Camaro ZL1,2021,6.2,650,650,3.5,"64,995"
Dodge,Viper ACR,2017,8.4,645,600,3.3,"126,19"
Ford,GT,2021,3.5,660,550,2.9,500
Porsche,Taycan 4S,2022,2.5,482,472,3.8,"102,9"
Lamborghini,Aventador S,2021,6.5,730,509,2.9,"417,65"
Aston Martin,DB11,2021,5.2,630,516,3.5,205
Alfa Romeo,Giulia Quadrifoglio,2022,2.9,505,443,3.8,"81,25"
Audi,RS7 Sportback,2022,4,591,590,3.5,"115,045"
BMW,M4 Competition,2021,3,503,479,3.9,"75,695"
Chevrolet,Camaro SS,2022,6.2,455,455,4.1,42
Dodge,Charger Hellcat,2021,6.2,717,650,3.6,"71,49"
Ferrari,F8 Tributo,2021,3.9,710,568,2.9,"274,28"
Ford,GT,2021,3.5,660,550,2.8,500
Jaguar,F-Type R,2021,5,575,516,3.5,"103,2"
Koenigsegg,Jesko Absolut,2022,5,1600,1106,2.1,"2,800,000"
Lexus,LC 500,2021,5,471,398,4.4,"93,05"
Lotus,Evija,2022,Electric,1973,1254,2.5,"2,750,000"
McLaren,GT,2022,4,612,465,3.2,210
Mercedes-Benz,AMG GT Black Series,2021,4,720,590,3.2,"326,05"
Porsche,Cayman GT4,2021,4,414,309,4.2,"102,5"
Lamborghini,Aventador,2021,6.5,770,531,2.8,"417,65"
Ferrari,Portofino,2021,3.9,591,560,3.3,"218,75"
Audi,TT RS,2022,2.5,394,354,3.6,69
McLaren,600LT Spider,2021,3.8,592,457,2.8,"256,5"
BMW,M4,2022,3,473,406,4.1,"72,8"
Mercedes-Benz,AMG C 63,2022,4,503,516,3.8,70
Chevrolet,Camaro SS 1LE,2021,6.2,455,455,4,"44,5"
Ford,Mustang Mach 1,2021,5,480,420,4,51
Nissan,370Z Nismo,2021,3.7,350,276,5.2,45
Aston Martin,Vantage,2021,4,503,505,3.5,146
Bugatti,Chiron,2022,8,1500,1180,2.4,"3,000,000"
Koenigsegg,Jesko,2021,5,1262,1106,2.5,"3,000,000"
Pagani,Huayra,2021,6,764,738,2.6,"2,600,000"
McLaren,Speedtail,2021,4,1035,848,2.5,"2,300,000"
Lamborghini,Sián,2021,6.5,819,531,2.8,"3,600,000"
Rimac,C_Two,2021,Electric,1914,1732,1.8,"2,400,000"
Porsche,Cayman,2022,2,300,280,4.9,"59,9"
Lamborghini,Aventador,2021,6.5,770,531,2.8,"393,695"
Ferrari,Portofino,2021,3.9,591,413,3.5,215
Audi,RS 5,2022,2.9,444,443,3.7,"75,1"
McLaren,GT,2021,4,620,465,3.1,210
BMW,Z4 M40i,2022,3,382,369,4.3,"63,7"
Mercedes-Benz,SLC 43,2020,3,385,384,4.6,62
Chevrolet,Camaro SS,2022,6.2,455,455,4.3,"42,5"
Ford,Mustang GT,2022,5,460,420,4.3,"36,12"
Nissan,370Z Nismo,2020,3.7,350,276,4.6,"45,79"
Aston Martin,Vantage,2022,4,503,505,3.6,146
Bentley,Continental GT,2021,4,626,664,3.3,220
Porsche,718 Boxster,2022,2,300,280,4.9,62
Lamborghini,Urus,2021,4,641,627,3.6,"222,004"
Ferrari,F8 Spider,2021,3.9,710,568,2.9,280
Audi,TT RS,2022,2.5,394,354,3.6,"69,9"
McLaren,570S,2021,3.8,562,443,2.9,"208,8"
BMW,M4,2022,3,473,406,4,"72,8"
Porsche,718 Cayman,2022,2,300,280,4.9,"60,5"
Lamborghini,Aventador,2021,6.5,730,509,2.9,"393,695"
Ferrari,SF90 Stradale,2022,4,986,590,2.5,625
Audi,RS5,2022,2.9,444,443,3.7,"75,1"
McLaren,GT,2021,4,612,465,3.2,"208,8"
BMW,M2,2022,3,405,406,4,"58,9"
Mercedes-Benz,SLS AMG,2015,6.2,622,468,3.6,229
Chevrolet,Camaro ZL1,2021,6.2,650,650,3.5,62
Ford,GT,2022,3.5,660,550,3,500
Nissan,370Z Nismo,2020,3.7,350,276,5.2,"46,2"
Dodge,Challenger SRT Hellcat,2021,6.2,717,656,3.6,71
Aston Martin,DBS Superleggera,2021,5.2,715,663,3.2,308
Alfa Romeo,Giulia Quadrifoglio,2022,2.9,505,443,3.8,"80,5"
Jaguar,F-Type R,2021,5,575,516,3.5,"105,9"
Lotus,Evora GT,2020,3.5,416,317,3.8,"96,95"
Maserati,GranTurismo,2019,4.7,454,384,4.7,"150,98"
Porsche,Panamera Turbo S,2022,4,630,604,2.9,"180,8"
Lamborghini,Urus,2021,4,641,627,3.2,218
Aston Martin,Vantage,2021,4,503,505,3.5,146
Lotus,Evora,2021,3.5,416,317,3.8,94
Alfa Romeo,4C Spider,2020,1.7,237,258,4.1,"67,15"
Jaguar,F-Type,2022,3,380,339,4.9,"70,9"
Maserati,GranTurismo,2021,4.7,454,384,4.7,"134,3"
Porsche,Cayman GT4,2021,4,414,309,4.2,"100,2"
Audi,RS5 Coupe,2022,2.9,444,443,3.7,"76,45"
BMW,M2 Competition,2021,3,405,406,4,"58,9"
Chevrolet,Camaro ZL1,2022,6.2,650,650,3.5,64
Dodge,Challenger SRT Hellcat,2022,6.2,717,656,3.5,"61,5"
Ford,GT,2021,3.5,647,550,2.8,500
Lexus,LC 500,2022,5,471,398,4.4,"92,95"
McLaren,570S,2022,3.8,562,443,3.1,"198,95"
Mercedes-AMG,C63 S Coupe,2021,4,503,516,3.7,"77,95"
Nissan,370Z Nismo,2021,3.7,350,276,4.9,"45,79"
Porsche,718 Boxster,2021,2,300,280,4.9,62
Lamborghini,Aventador S,2021,6.5,729,507,2.9,"417,826"
Ferrari,F8 Tributo,2021,3.9,710,568,2.9,"274,28"
Audi,TT RS Coupe,2021,2.5,394,354,3.6,"67,6"
BMW,M4 Coupe,2021,3,473,406,3.8,"71,8"
Acura,NSX,2021,3.5,573,476,2.7,"159,495"
Aston Martin,DBS Superleggera,2022,5.2,715,664,3.4,"314,5"
Bentley,Continental GT,2022,6,626,664,3.3,"214,425"
Bugatti,Chiron,2022,8,1500,1180,2.3,"3,000,000"
Dodge,Challenger SRT Hellcat,2022,6.2,717,656,3.5,"71,49"
Jaguar,F-Type,2021,5,575,516,3.5,"105,9"
Koenigsegg,Jesko,2021,5,1280,1106,2.5,"2,800,000"
Lexus,LC 500,2021,5,471,398,4.4,"92,95"
Lotus,Evora GT,2021,3.5,416,317,3.8,"104,4"
Maserati,GranTurismo,2022,4.7,454,384,4.7,"150,98"
McLaren,Artura,2022,3,671,531,3,225
Pagani,Huayra,2021,6,764,738,2.6,"2,600,000"
Porsche,Cayman GT4,2022,4,414,309,4.2,102
Rimac,C_Two,2021,Electric,1914,1696,1.9,"2,400,000"
Rolls-Royce,Wraith,2021,6.8,624,605,4.4,"335,55"
Tesla,Model S Plaid,2021,Electric,1020,1050,1.9,"141,99"
Toyota,GR Supra,2022,3,382,368,3.9,"43,09"
TVR,Griffith,2021,5,500,420,3.9,"157,5"
Ultima,RS,2021,6.2,1200,1300,2.3,220
W Motors,Fenyr SuperSport,2022,3.8,800,723,2.7,"1,550,000"
Acura,NSX,2021,3.5,573,476,2.9,"157,5"
Aston Martin,DBS Superleggera,2022,5.2,715,663,3.2,308
Bentley,Continental GT,2021,6,626,664,3.6,"202,5"
Bugatti,Chiron,2021,8,1500,1180,2.3,"3,000,000"
Dodge,Challenger SRT Hellcat,2021,6.2,717,656,3.5,65
Jaguar,F-Type,2021,3,380,339,4.9,"63,1"
Lexus,LC 500,2021,5,471,398,4.4,"92,95"
Lotus,Evija,2022,Electric,1973,1254,2.5,"2,600,000"
Maserati,GranTurismo,2021,4.7,454,384,4.8,"134,3"
Porsche,Taycan,2021,Electric,616,774,2.6,185
Rimac,C_Two,2022,Electric,1914,1696,1.9,"2,400,000"
Tesla,Model S Plaid,2022,Electric,1020,1050,1.98,140
McLaren,Artura,2022,3,671,531,3,225
Mercedes-Benz,AMG GT Black Series,2021,4,720,590,3.1,325
Chevrolet,Camaro ZL1,2021,6.2,650,650,3.5,63
Ford,GT,2021,3.5,647,550,3,500
Aston Martin,DBS Superleggera,2021,5.2,715,664,3.4,"307,82"
Jaguar,F-Type,2022,5,575,516,3.5,"103,2"
Dodge,Challenger SRT Hellcat Redeye,2021,6.2,797,707,3.5,"80,19"
Lotus,Evora GT,2022,3.5,416,317,3.8,105
Alfa Romeo,4C Spider,2020,1.8,237,258,4.1,"68,745"
Subaru,WRX STI,2022,2.5,310,290,5.2,"38,17"
Acura,NSX,2022,3.5,573,476,2.7,"157,5"
Koenigsegg,Jesko,2021,5,1280,1015,2.5,"2,800,000"
Tesla,Model S Plaid,2022,Electric,1020,1050,1.98,"139,99"
Bugatti,Chiron Super Sport 300+,2022,8,1578,1180,2.3,"5,200,000"
McLaren,Senna,2020,4,789,590,2.7,"1,500,000"
Porsche,Taycan Turbo S,2022,Electric,750,774,2.6,185
Mercedes-Benz,SLS AMG Black Series,2014,6.2,622,468,3.5,275
Lexus,LC 500,2022,5,471,398,4.4,"93,05"
Chevrolet,Camaro ZL1,2022,6.2,650,650,3.5,65
Audi,RS 7 Sportback,2022,4,591,590,3.5,114
Ford,GT,2022,3.5,660,550,3,500
BMW,M2 CS,2022,3,444,406,3.8,"84,595"
Porsche,Cayman GT4,2022,4,414,309,4.2,"102,55"
Lamborghini,Aventador,2022,6.5,770,531,2.8,"393,695"
Aston Martin,Vantage,2021,4,503,505,3.6,146
Lotus,Evora GT,2021,3.5,416,317,3.8,"96,95"
Porsche,Panamera Turbo S,2021,4,620,604,2.9,180
Lamborghini,Aventador S,2022,6.5,729,507,2.9,"460,247"
Ferrari,SF90 Stradale,2021,4,986,590,2.5,625
Audi,RS 6 Avant,2022,4,591,590,3.1,"110,045"
McLaren,570S,2021,3.8,562,443,3.1,"192,5"
BMW,M5,2022,4.4,600,553,3.2,"103,5"
Mercedes-Benz,AMG C 63 S,2021,4,503,516,3.7,"77,4"
Chevrolet,Camaro ZL1,2021,6.2,650,650,3.5,"64,695"
Dodge,Challenger SRT Hellcat,2021,6.2,717,656,3.5,"64,195"
Ford,GT,2021,3.5,660,550,3,500
Nissan,370Z Nismo,2020,3.7,350,276,5,"46,815"
Porsche,Cayman GT4,2021,4,414,309,4.2,"102,55"
Audi,TT RS,2021,2.5,394,354,3.6,"67,895"
Chevrolet,Corvette Z06,2023,5.5,625,650,2.6,85
Lamborghini,Urus,2022,4,641,626,3.2,"218,009"
Mercedes-Benz,AMG GT 63 S,2021,4,630,664,3.1,"162,9"
Ferrari,Portofino M,2022,3.9,612,560,3.5,245
Bugatti,Chiron,2021,8,1479,1180,2.5,"3,000,000"
Aston Martin,DBS Superleggera,2021,5.2,715,664,3.4,"304,995"
Lotus,Evora GT,2021,3.5,416,317,3.8,"100,45"
Porsche,Cayman GT4,2022,4,414,309,4.2,"100,2"
Acura,NSX,2021,3.5,573,476,2.7,"157,5"
Lexus,LC,2021,5,471,398,4.4,"92,95"
Alfa Romeo,Giulia Quadrifoglio,2021,2.9,505,443,3.8,"74,75"
Audi,RS7,2021,4,591,590,3.5,114
Bentley,Continental GT,2021,6,626,664,3.3,"218,4"
BMW,M5,2021,4.4,600,553,3.2,"103,5"
Chevrolet,Camaro ZL1,2021,6.2,650,650,3.5,"64,695"
Dodge,Challenger Hellcat,2021,6.2,717,656,3.5,"70,595"
Ford,GT,2022,3.5,647,550,3,500
Jaguar,F-Type R,2021,5,575,516,3.5,"103,2"
Lamborghini,Aventador,2021,6.5,730,509,2.9,"393,695"
McLaren,570S,2021,3.8,562,443,3.1,"203,5"
Mercedes-Benz,SLS AMG,2015,6.2,583,479,3.6,"221,58"
Nissan,370Z Nismo,2020,3.7,350,276,4.7,"47,19"
Porsche,Boxster,2021,2,300,280,4.9,62
Porsche,718 Cayman,2022,2,300,280,4.9,"61,5"
Lamborghini,Aventador,2021,6.5,759,531,2.9,"393,695"
Ferrari,Roma,2021,3.9,612,561,3.3,"222,63"
Audi,RS 5,2022,2.9,444,442,3.5,"75,4"
McLaren,570S,2020,3.8,562,443,3.1,208
BMW,M2,2022,3,405,406,4.2,"58,9"
Mercedes-Benz,SL,2022,3,429,384,4.9,"96,25"
Chevrolet,Camaro,2021,6.2,455,455,4,25
Ford,GT,2022,3.5,660,550,3,500
Nissan,370Z Nismo,2021,3.7,350,276,5,45
Aston Martin,DBS Superleggera,2021,5.2,715,664,3.4,"307,82"
Lotus,Evora GT,2021,3.5,416,317,3.8,"100,45"
Maserati,GranTurismo,2021,4.7,454,384,4.7,"134,3"
Porsche,Panamera,2022,2.9,325,331,5.2,"88,55"
Lamborghini,Urus,2021,4,641,627,3.6,"218,009"
Ferrari,SF90 Stradale,2021,4,986,590,2.5,625
Audi,RS 6,2022,4,591,590,3.5,109
McLaren,Artura,2022,3,671,531,3,225
Porsche,Taycan 4S,2021,Electric (93 kWh),429,472,3.8,"103,8"
Lamborghini,Aventador S,2021,6.5,730,509,2.9,"417,65"
Ferrari,SF90 Stradale,2021,4,986,590,2.5,625
Audi,RS 7,2022,4,591,590,3.5,117
McLaren,570S,2021,3.8,562,443,3.1,"192,5"
BMW,M4,2021,3,473,406,4,"72,8"
Mercedes-Benz,SLS AMG,2015,6.2,622,468,3.5,228
Chevrolet,Camaro SS,2021,6.2,455,455,4,42
Ford,GT,2021,3.5,660,550,3,500
Nissan,370Z Nismo,2021,3.7,350,276,5,48
Aston Martin,DBS Superleggera,2021,5.2,715,664,3.2,"307,82"
Lexus,LC 500,2021,5,471,398,4.4,93
Bentley,Continental GT,2021,4,626,664,3.3,"202,5"
Maserati,GranTurismo,2021,4.7,454,384,4.7,"150,98"
Tesla,Model S Plaid,2022,Electric (100 kWh),1020,1050,1.98,"131,19"
Rolls-Royce,Dawn,2021,6.6,563,605,4.3,"346,3"
Bugatti,Chiron Pur Sport,2021,8,1500,1180,2.3,"3,599,000"
McLaren,Senna,2019,4,789,590,2.7,"1,050,000"
Porsche,Panamera Turbo S E-Hybrid,2021,Hybrid (4.0),690,641,3,"186,35"
Acura,NSX,2021,3.5,573,476,2.7,"157,5"
Aston Martin,DB11,2021,4,503,498,3.7,"205,6"
Audi,RS7,2021,4,591,590,3.5,114
Bentley,Continental GT,2021,6,626,664,3.6,201
Bugatti,Chiron,2021,8,1500,1180,2.5,"3,000,000"
Chevrolet,Camaro ZL1,2022,6.2,650,650,3.5,67
Dodge,Challenger Hellcat,2021,6.2,717,656,3.5,64
Ferrari,812 Superfast,2021,6.5,789,530,2.8,340
Lamborghini,Aventador SVJ,2021,6.5,770,531,2.8,"517,77"
McLaren,600LT Spider,2021,3.8,592,457,2.8,"256,5"
Mercedes-AMG,GT Black Series,2021,4,720,590,3.1,325
Nissan,400Z,2023,3,400,350,4,40
Porsche,Cayman GT4,2021,4,414,309,4.2,101
Rimac,Nevera,2021,Electric,1914,1696,1.9,"2,400,000"
Rolls-Royce,Wraith,2021,6.8,624,605,4.4,330
Tesla,Model S Plaid,2021,Electric,1020,N/A,1.9,"139,99"
Toyota,Supra,2021,3,382,368,3.9,43
Porsche,718 Boxster,2021,2,300,280,4.9,62
Porsche,718 Boxster,2022,2,300,280,4.9,62
Lamborghini,Aventador S,2021,6.5,730,509,2.9,"417,826"
Ferrari,SF90 Stradale,2022,4,986,590,2.5,625
Audi,RS 7,2022,4,591,590,3.5,114
McLaren,Artura,2021,3,671,531,3,225
BMW,M2,2022,3,405,406,4.1,"58,9"
Mercedes-Benz,SLS AMG,2015,6.2,583,479,3.6,"221,58"
Chevrolet,Camaro ZL1,2021,6.2,650,650,3.5,"64,695"
Ford,GT,2022,3.5,647,550,3,500
Nissan,370Z Nismo,2021,3.7,350,276,4.8,45
Dodge,Charger Hellcat,2021,6.2,707,650,3.6,"69,995"
Aston Martin,DBS Superleggera,2021,5.2,715,663,3.2,305
Alfa Romeo,Giulia Quadrifoglio,2021,2.9,505,443,3.8,75
Audi,TT RS,2021,2.5,394,354,3.6,68
Bentley,Continental GT,2021,6,626,664,3.6,"203,825"
BMW,M5,2022,4.4,600,553,3.2,"103,5"
Chevrolet,Corvette Stingray,2021,6.2,495,470,2.9,"58,9"
Dodge,Challenger SRT Hellcat,2021,6.2,717,656,3.5,63
Ford,Mustang GT,2022,5,460,420,4,45
Porsche,Cayman,2022,2,300,280,4.9,"59,9"
Lamborghini,Aventador,2021,6.5,770,531,2.8,"417,826"
Ferrari,Roma,2022,3.9,612,560,3.3,"222,63"
Audi,RS7,2022,4,591,590,3.5,114
McLaren,570S,2021,3.8,562,443,2.7,"204,995"
BMW,M4,2022,3,473,406,4.1,"71,8"
Mercedes-Benz,SLS AMG,2021,6.2,622,468,3.5,"243,6"
Chevrolet,Camaro SS,2021,6.2,455,455,4,42
Ford,GT,2022,3.5,660,550,2.8,500
Nissan,370Z Nismo,2021,3.7,350,276,5,"47,19"
Porsche,Panamera,2022,2.9,325,331,5.4,"88,55"
Lamborghini,Urus,2021,4,641,627,3.2,218
Ferrari,SF90 Stradale,2021,4,986,590,2.5,625
Audi,RS6,2022,4,591,590,3.5,113
McLaren,Artura,2021,3,671,531,3,225
BMW,M2,2022,3,405,406,4,"58,9"
Mercedes-Benz,GT 63,2021,4,577,590,3.3,"161,2"
Chevrolet,Camaro ZL1,2021,6.2,650,650,3.5,63
Aston Martin,DBS Superleggera,2021,5.2,715,663,3.2,310
Bugatti,Chiron,2022,8,1500,1180,2.4,"3,000,000"
Koenigsegg,Jesko,2021,5,1280,1106,2.5,"2,800,000"
Pagani,Huayra,2021,6,764,737,3,"2,600,000"
Rimac,C_Two,2022,N/A,1914,1696,1.85,"2,400,000"
McLaren,Senna,2021,4,789,590,2.7,"1,000,000"
Porsche,918 Spyder,2015,4.6,887,944,2.2,"1,800,000"
Ferrari,SF90 Stradale,2021,4,986,590,2.5,625
Lamborghini,Aventador SVJ,2020,6.5,759,531,2.8,517
Audi,RS 6 Avant,2021,4,591,590,3.5,110
Bentley,Continental GT Speed,2022,6,650,664,3.5,300
Chevrolet,Camaro ZL1,2021,6.2,650,650,3.5,68
Dodge,Challenger SRT Hellcat,2021,6.2,717,656,3.5,65
Ford,GT,2021,3.5,660,550,2.9,500
Lexus,LC 500,2022,5,471,398,4.4,92
Lotus,Evija,2022,N/A,1972,1254,2.5,"2,700,000"
Mercedes-AMG,GT Black Series,2021,4,720,590,3.1,330
Aston Martin,DB11,2021,4,503,513,3.9,205
Bentley,Continental GT,2022,4,542,568,3.9,229
Jaguar,F-Type,2022,2,296,295,5.4,"62,75"
Lotus,Evora GT,2021,3.5,416,317,3.8,100
Maserati,GranTurismo,2021,4.7,454,384,4.7,135
Porsche,Boxster,2022,2,300,280,4.9,63
Alfa Romeo,4C,2020,1.8,237,258,4.2,"67,15"
Chevrolet,Camaro,2022,6.2,455,455,4,"62,195"
Dodge,Challenger,2022,3.6,305,268,6.4,28
Ford,GT,2022,3.5,660,550,2.9,500
Audi,RS7,2022,4,591,590,3.5,"115,045"
BMW,M4,2022,3,473,406,4.1,"71,8"
Lamborghini,Aventador,2021,6.5,729,507,2.9,"393,695"
Mercedes-Benz,AMG C 63,2021,4,469,479,3.8,"69,9"
Nissan,370Z,2021,3.7,350,276,5.3,"30,09"
Porsche,Cayman,2022,2,300,280,4.9,68
BMW,i8,2022,1.5,369,184,4.2,"147,5"
Chevrolet,Corvette Stingray,2021,6.2,495,470,2.9,"58,9"
Porsche,Taycan Turbo S,2022,Electric,750,774,2.6,185
Lamborghini,Aventador S,2021,6.5,729,507,2.9,"417,65"
Ferrari,SF90 Stradale,2022,4,986,590,2.5,625
Audi,RS7,2022,4,591,590,3.5,115
McLaren,GT,2022,4,620,465,3.1,208
BMW,M5,2022,4.4,600,553,3.2,"103,5"
Mercedes-Benz,SLS AMG,2021,4,730,590,2.9,250
Chevrolet,Camaro ZL1,2021,6.2,650,650,3.5,63
Ford,GT,2022,3.5,660,550,2.8,500
Nissan,370Z Nismo,2021,3.7,350,276,5,"46,1"
Porsche,Panamera Turbo S,2022,4,630,604,3.1,180
Lamborghini,Urus,2021,4,641,627,3.2,218
Ferrari,Portofino,2022,3.9,591,561,3.4,250
Audi,TT RS,2022,2.5,394,354,3.6,70
McLaren,570S,2021,3.8,562,443,3.1,200
BMW,i8,2022,Hybrid,369,184,4.2,"148,5"
Porsche,718 Cayman,2022,2,300,280,4.9,"61,5"
Lamborghini,Aventador,2021,6.5,770,531,2.8,"417,826"
Ferrari,Portofino,2022,3.9,612,561,3.3,245
Audi,TT RS,2022,2.5,394,354,3.6,"67,8"
McLaren,GT,2022,4,620,465,3.1,"211,3"
BMW,M4,2022,3,473,406,4.1,"71,8"
Mercedes-Benz,SLS AMG,2015,6.2,622,468,3.5,"222,5"
Chevrolet,Camaro SS,2022,6.2,455,455,4,"43,995"
Ford,GT,2022,3.5,660,550,2.9,500
Nissan,370Z Nismo,2021,3.7,350,276,4.8,"45,79"
Porsche,911 Turbo S,2022,3.8,640,590,2.6,208
McLaren,765LT,2021,4,755,590,2.8,358
Lamborghini,Urus,2021,4,641,627,3.6,"218,009"
Mercedes-AMG,GT Black Series,2021,4,720,590,3.1,325
BMW,M5 Competition,2022,4.4,617,553,3.1,"103,5"
Audi,RS7,2022,4,591,590,3.5,115
Aston Martin,Vantage,2022,4,503,505,3.5,"152,995"
Ferrari,F8 Spider,2021,3.9,710,568,2.9,"274,28"
Lexus,LC 500,2022,5,471,398,4.4,"102,55"
Porsche,Taycan,2022,N/A,469,479,3.8,"79,9"
Lamborghini,Aventador SVJ,2021,6.5,759,531,2.8,"517,77"
Ferrari,SF90 Stradale,2021,4,986,590,2.5,625
Audi,RS6 Avant,2021,4,591,590,3.5,109
McLaren,600LT Spider,2021,3.8,592,457,2.8,"256,5"
BMW,M4,2022,3,473,406,3.8,"71,8"
Mercedes-Benz,AMG GT R,2021,4,577,516,3.5,180
Chevrolet,Camaro ZL1,2021,6.2,650,650,3.5,"64,695"
Ford,GT,2022,3.5,660,550,3,500
Nissan,370Z Nismo,2021,3.7,350,276,5,48
Porsche,Panamera Turbo S E-Hybrid,2021,4,690,642,3,190
Lamborghini,Urus,2021,4,641,627,3.5,218
Ferrari,Portofino M,2021,3.9,612,561,3.4,235
Audi,TT RS,2022,2.5,394,354,3.6,"67,6"
McLaren,Artura,2022,3,671,531,3,225
BMW,M2 CS,2022,3,444,406,3.8,"84,595"
Mercedes-Benz,SLS AMG Black Series,2021,6.2,622,468,3.5,335
Chevrolet,Camaro SS,2021,6.2,455,455,4,42
Porsche,718 Boxster,2022,2,300,280,4.9,63
Lamborghini,Aventador SVJ,2020,6.5,759,531,2.8,"573,966"
Ferrari,SF90 Stradale,2022,4,986,590,2.5,625
Audi,TT RS Coupe,2022,2.5,394,354,3.5,68
McLaren,GT,2020,4,612,465,3.1,210
BMW,Z4 Roadster,2022,2,255,295,5.2,50
Mercedes-Benz,SLS AMG,2015,6.2,622,468,3.6,200
Chevrolet,Camaro SS Convertible,2022,6.2,455,455,4,49
Ford,GT,2021,3.5,660,550,2.9,500
Nissan,370Z Coupe,2020,3.7,332,270,5,"30,09"
Aston Martin,Vantage,2021,4,503,505,3.6,"142,086"
Bentley,Continental GT,2022,6,626,664,3.3,225
Bugatti,Chiron,2021,8,1479,1180,2.4,"3,000,000"
Dodge,Challenger SRT Hellcat,2022,6.2,717,656,3.5,68
Jaguar,F-Type,2022,2,296,295,5.4,"63,7"
Lotus,Evora GT,2021,3.5,416,317,3.8,100
Maserati,GranTurismo,2022,4.7,454,384,4.7,"150,98"
Aston Martin,DBS Superleggera,2021,5.2,715,664,3.2,"304,995"
Lotus,Evora GT,2021,3.5,416,317,3.8,"98,395"
Porsche,Panamera Turbo S E-Hybrid,2021,4,689,642,3,190
Lamborghini,Aventador SVJ,2021,6.5,759,531,2.8,517
Ferrari,SF90 Stradale,2021,4,986,590,2.5,625
Audi,RS7,2022,4,591,590,3.5,117
Mercedes-Benz,S63 AMG,2021,4,603,664,3.4,168
Chevrolet,Camaro ZL1,2021,6.2,650,650,3.5,"64,5"
Ford,GT,2021,3.5,660,550,2.8,500
Nissan,370Z Nismo,2021,3.7,350,276,4.7,46
Porsche,718 Cayman GT4,2022,4,414,309,4.2,102
Mercedes-AMG,C63 S Coupe,2021,4,503,516,3.7,"77,5"
Aston Martin,Vantage,2021,4,503,505,3.5,147
McLaren,570S,2021,3.8,562,443,3.1,193
BMW,M5,2022,4.4,600,553,3.2,"103,5"
Dodge,Challenger SRT Hellcat,2021,6.2,717,656,3.5,64
Lexus,LC 500,2021,5,471,398,4.4,"92,95"
Mercedes-AMG,GT 63 S,2021,4,630,664,3.1,162
Audi,TT RS,2021,2.5,394,354,3.6,"67,6"
Acura,NSX,2021,3.5,573,476,2.9,"157,5"
Porsche,Cayman GT4,2021,4,414,309,4.2,102
Lamborghini,Aventador S,2021,6.5,730,509,2.9,"417,826"
Ferrari,SF90 Stradale,2021,4,986,590,2.5,625
Audi,RS 5,2022,2.9,444,443,3.5,"76,7"
McLaren,570S Spider,2020,3.8,562,443,3.1,"208,8"
BMW,M2 Competition,2022,3,405,406,4.2,"58,9"
Mercedes-Benz,C 63 AMG,2022,4,469,479,3.9,69
Chevrolet,Camaro SS,2021,6.2,455,455,4,42
Ford,Mustang GT,2022,5,460,420,4.5,43
Dodge,Challenger R/T,2021,5.7,372,400,5.1,35
Aston Martin,Vantage,2021,4,503,505,3.6,151
Lotus,Evora GT,2021,3.5,416,317,3.8,105
Alfa Romeo,4C Spider,2020,1.7,237,258,4.1,69
Jaguar,F-Type,2022,2,296,295,5.4,"62,5"
Tesla,Roadster,2022,Electric,1000,737,1.9,200
Koenigsegg,Jesko,2022,5,1600,1106,2.5,"3,000,000"
Bugatti,Chiron Super Sport 300+,2021,8,1578,1180,2.4,"5,200,000"
Rimac,Nevera,2021,Electric,1914,1696,1.85,"2,400,000"
Porsche,Cayman GT4,2022,4,414,309,4.2,"102,1"
Chevrolet,Camaro ZL1,2022,6.2,650,650,3.5,63
Aston Martin,Vantage,2021,4,503,505,3.5,"142,086"
Alfa Romeo,Giulia Quadrifoglio,2022,2.9,505,443,3.8,"83,25"
Dodge,Challenger SRT Hellcat,2021,6.2,717,656,3.5,65
Lexus,LC 500,2022,5,471,398,4.4,"93,05"
Audi,RS 7 Sportback,2021,4,591,590,3.5,114
BMW,M4 Competition,2022,3,503,479,3.8,"74,7"
Mercedes-Benz,C63 S AMG,2022,4,503,516,3.9,"77,6"
Ford,GT,2022,3.5,660,550,2.9,500
McLaren,GT,2021,4,620,465,3.1,210
Porsche,Panamera Turbo S,2022,4,630,604,2.9,"181,1"
Lamborghini,Aventador S,2021,6.5,730,507,2.9,"417,826"
Aston Martin,DBS Superleggera,2022,5.2,715,664,3.2,"329,1"
Audi,TT RS,2022,2.5,394,354,3.6,"67,6"
Mercedes-Benz,AMG C43 Coupe,2021,3,385,384,4.5,"59,9"
BMW,i8,2022,1.5,369,184,4.2,"147,5"
Chevrolet,Corvette Stingray,2021,6.2,490,465,2.9,"59,9"
Porsche,Taycan,2022,2.0 (Electric),469,263,3.8,"81,25"
Lamborghini,Aventador,2021,6.5,730,509,2.9,517
Ferrari,Roma,2021,3.9,611,560,3.3,"222,62"
Audi,RS7,2022,4,591,590,3.5,115
McLaren,GT,2021,4,612,465,3.1,210
BMW,M2,2022,3,405,406,4.2,"58,9"
Mercedes-Benz,C63 AMG,2021,4,469,479,3.9,77
Chevrolet,Camaro SS,2021,6.2,455,455,4.1,"43,995"
Ford,Mustang Mach 1,2021,5,480,420,4.1,"51,72"
Nissan,370Z Nismo,2021,3.7,350,276,4.8,"46,61"
Porsche,Panamera,2022,2.9,325,331,5.3,"88,55"
Lamborghini,Urus,2021,4,641,627,3.6,"218,009"
Ferrari,SF90 Stradale,2021,4.0 (Hybrid),986,590,2.5,625
Audi,RS6,2022,4,591,590,3.5,120
McLaren,570S,2021,3.8,562,443,3.1,"192,5"
BMW,M4,2022,3,503,479,3.8,74
Mercedes-Benz,AMG A45,2021,2,382,354,4,50
Chevrolet,Camaro ZL1,2021,6.2,650,650,3.5,"63,995"
Acura,NSX,2021,3.5,573,476,2.7,"157,5"
Aston Martin,Vantage,2021,4,503,505,3.5,"142,086"
Bentley,Continental GT,2021,4,542,568,3.3,"202,5"
Bugatti,Chiron,2022,8,1479,1180,2.4,"2,900,000"
Ferrari,F8 Tributo,2022,3.9,710,568,2.8,275
Lamborghini,Aventador,2021,6.5,730,509,2.9,517
McLaren,GT,2021,4,612,465,3.1,"201,5"
Mercedes-Benz,AMG GT R,2021,4,577,516,3.5,183
Porsche,Taycan Turbo S,2021,Electric,750,774,2.6,185
Audi,RS7,2021,4,591,590,3.5,114
BMW,M4,2021,3,473,406,4.1,"71,8"
Chevrolet,Camaro ZL1,2021,6.2,650,650,3.5,63
Dodge,Challenger SRT Hellcat Redeye,2022,6.2,797,707,3.5,"80,19"
Ford,GT,2022,3.5,660,550,2.8,500
Jaguar,F-Type,2021,3,380,339,4.4,"62,75"
Lexus,LC 500,2021,5,471,398,4.4,92
Lotus,Evija,2021,Electric,2000,1254,2.8,"2,800,000"
Maserati,GranTurismo,2021,Electric,550,N/A,2.8,200
Nissan,370Z,2021,3.7,332,270,5,"30,09"
Rolls-Royce,Ghost,2021,6.8,563,627,4.6,"332,5"
Porsche,Taycan,2021,2,402,254,5.1,"81,25"
Aston Martin,DB11,2021,4,630,516,3.7,"198,995"
Lotus,Evora GT,2021,3.5,416,317,3.8,105
Acura,NSX,2022,3.5,573,476,2.7,"157,5"
Tesla,Roadster,2022,0,10,"7,376",1.9,200
Chevrolet,Camaro,2022,6.2,455,455,4,25
Dodge,Charger,2021,6.2,797,707,3.3,72
Jaguar,F-Type,2021,3,380,339,4.9,"62,75"
Lexus,LC 500,2021,5,471,398,4.4,93
BMW,M4,2022,3,473,406,4.1,"71,8"
Ford,GT,2021,3.5,660,550,2.9,500
Maserati,GranTurismo,2021,4.7,454,384,4.7,"150,98"
McLaren,600LT,2021,3.8,592,457,2.8,"256,5"
Mercedes-Benz,SLS AMG,2021,6.2,622,468,3.6,"254,995"
Nissan,370Z,2021,3.7,332,270,5.2,30
Audi,RS 7,2021,4,591,590,3.4,114
Bentley,Continental GT,2021,4,542,568,3.9,220
Bugatti,Chiron,2021,8,"1,5","1,18",2.4,"3,000,000"
Porsche,Cayman,2022,2,300,280,4.5,"59,9"
Aston Martin,Vantage,2021,4,503,505,3.5,147
Alfa Romeo,4C Spider,2020,1.7,237,258,4.1,"67,15"
Audi,RS 5,2022,2.9,444,443,3.5,"75,1"
BMW,M2,2022,3,405,406,4,"58,9"
Dodge,Challenger SRT Hellcat,2021,6.2,717,656,3.5,"60,695"
Ferrari,F8 Spider,2022,3.9,710,568,2.9,"274,39"
Jaguar,F-Type,2021,3,296,295,5.4,"64,7"
Lamborghini,Aventador,2021,6.5,759,531,2.9,"517,77"
Lexus,LC 500,2022,5,471,398,4.4,"92,95"
Lotus,Evora GT,2021,3.5,416,317,3.8,"99,99"
Maserati,GranTurismo,2021,4.7,454,384,4.7,"150,8"
McLaren,GT,2021,4,612,465,3.1,210
Mercedes-Benz,AMG C 63,2021,4,469,479,3.8,"67,6"
Nissan,370Z Nismo,2021,3.7,350,276,4.5,"45,79"
Porsche,Panamera,2022,2.9,325,331,5.3,"88,8"
Subaru,WRX STI,2021,2.5,310,290,5.2,"38,17"
Tesla,Roadster,2022,N/A,"10,000+",N/A,1.9,200
Porsche,718 Cayman,2022,2,300,280,4.9,"61,5"
Lamborghini,Aventador,2021,6.5,729,509,2.9,"393,695"
Ferrari,SF90 Stradale,2022,4,986,590,2.5,625
Audi,RS5 Coupe,2022,2.9,444,443,3.5,"76,35"
McLaren,570S,2021,3.8,562,443,3.1,202
BMW,M2,2022,3,405,406,4,"58,9"
Mercedes-Benz,SL,2022,3,429,384,4.4,96
Chevrolet,Camaro,2021,6.2,455,455,4,25
Ford,GT,2022,3.5,660,550,2.8,500
Nissan,370Z,2021,3.7,332,270,5.3,33
Alfa Romeo,Giulia Quadrifoglio,2021,2.9,505,443,3.8,"75,25"
Aston Martin,DB11,2022,4,630,516,3.7,"201,495"
Bentley,Continental GT,2021,6,626,664,3.3,201
Dodge,Challenger,2021,6.4,485,475,3.8,62
Jaguar,F-Type R,2022,5,575,516,3.5,"103,2"
Lexus,LC 500,2022,5,471,398,4.4,"92,95"
Lotus,Evora GT,2021,3.5,416,317,3.8,99
Maserati,GranTurismo,2021,4.7,454,384,4.7,150
Porsche,Cayman GT4,2021,4,414,309,4.2,"102,5"
Aston Martin,Vantage,2022,4,503,505,3.5,"149,995"
Dodge,Charger SRT Hellcat,2022,6.2,717,650,3.5,"78,595"
Audi,RS 7,2021,4,591,590,3.5,114
Chevrolet,Camaro SS,2022,6.2,455,455,4.1,"37,5"
Ford,Mustang GT,2022,5,460,420,4,"38,5"
Jaguar,F-Type R,2022,5,575,516,3.5,"103,2"
Lexus,LC 500,2022,5,471,398,4.4,"92,95"
McLaren,570S,2021,3.8,562,443,3.1,"208,8"
Mercedes-Benz,AMG C63,2022,4,469,479,3.8,"71,45"
Nissan,370Z Nismo,2021,3.7,350,276,4.9,"47,82"
Porsche,Panamera GTS,2021,4,473,457,3.9,"134,15"
Audi,TT RS,2022,2.5,394,354,3.6,"67,6"
BMW,M4,2021,3,473,406,3.8,"71,8"
Ferrari,F8 Tributo,2021,3.9,710,568,2.8,"274,28"
Lamborghini,Aventador,2021,6.5,770,531,2.9,"393,695"
McLaren,GT,2021,4,612,465,3.1,250
Mercedes-Benz,AMG GT 4-Door Coupe,2021,4,630,664,3.1,"171,2"
Aston Martin,DBS Superleggera,2022,5.2,715,663,3.4,321
Lotus,Evora GT,2021,3.5,416,317,3.8,"100,5"
Porsche,Taycan Turbo S,2021,Electric,750,774,2.6,185
McLaren,570S,2021,3.8,562,443,3.1,195
Lamborghini,Aventador SVJ,2021,6.5,759,531,2.8,"517,77"
Ford,GT,2021,3.5,660,550,3,500
Audi,RS7 Sportback,2022,4,591,590,3.5,114
BMW,M4,2022,3,473,406,4.1,"72,8"
Mercedes-AMG,C63 S,2022,4,503,516,3.7,"78,1"
Chevrolet,Camaro ZL1,2021,6.2,650,650,3.5,63
Dodge,Charger Hellcat,2021,6.2,717,650,3.6,70
Alfa Romeo,Giulia Quadrifoglio,2021,2.9,505,443,3.8,"78,45"
Tesla,Model S Plaid,2022,Electric,"1,02","1,05",1.9,"141,19"
Ferrari,SF90 Stradale,2021,4,986,590,2.5,625
Porsche,Panamera Turbo S E-Hybrid,2021,Hybrid,689,642,3,190
McLaren,Artura,2022,3,671,531,3,225
Lamborghini,Urus,2021,4,641,627,3.6,222
Ford,Mustang Mach 1,2021,5,480,420,4,"52,915"
Porsche,911,2022,3,379,331,4,"101,2"
Lamborghini,Huracan,2021,5.2,630,443,2.8,"274,39"
Ferrari,488 GTB,2022,3.9,661,561,3,"333,75"
Audi,R8,2022,5.2,562,406,3.2,"142,7"
McLaren,720S,2021,4,710,568,2.7,298
BMW,M8,2022,4.4,617,553,3.1,130
Mercedes-Benz,AMG GT,2021,4,523,494,3.8,"118,5"
Chevrolet,Corvette,2021,6.2,490,465,2.8,"59,9"
Ford,Mustang Shelby GT500,2022,5.2,760,625,3.5,81
Nissan,GT-R Nismo,2021,3.8,600,481,2.5,212
Dodge,Challenger SRT Hellcat,2021,6.2,717,656,3.5,"64,195"
Aston Martin,Vantage,2021,4,503,505,3.6,147
Bugatti,Chiron,2022,8,1500,1180,2.5,"3,900,000"
Koenigsegg,Jesko,2022,5,1280,1015,2.5,"3,000,000"
Pagani,Huayra,2021,6,764,740,2.8,"2,600,000"
Rimac,Nevera,2022,Electric,1914,1696,1.85,"2,400,000"
Lotus,Evija,2022,Electric,1973,1254,2.5,"2,000,000"
Pininfarina,Battista,2021,Electric,1872,1696,1.9,"2,500,000"
Maserati,MC20,2021,3,621,538,2.9,210
Porsche,Cayman,2021,2,300,280,5.1,"59,9"
Lamborghini,Aventador,2021,6.5,730,509,2.9,"393,695"
Ferrari,SF90 Stradale,2021,4,986,590,2.5,625
Audi,RS 5,2021,2.9,444,443,3.5,"75,1"
McLaren,GT,2022,4,612,465,3.1,210
BMW,M2,2021,3,405,406,4,"58,9"
Mercedes-Benz,SLS AMG,2021,6.3,622,468,3.6,"254,5"
Chevrolet,Camaro,2021,6.2,455,455,4,25
Ford,Mustang,2021,2.3,310,350,5.3,"27,205"
Nissan,370Z,2021,3.7,332,270,5.1,"30,09"
Aston Martin,Vantage,2021,4,503,505,3.6,146
Bugatti,Chiron,2021,8,1479,1180,2.4,"3,000,000"
Koenigsegg,Jesko,2022,5,1280,1106,2.5,"3,000,000"
Lotus,Evija,2021,Electric Motor,1972,1254,2,"2,000,000"
McLaren,Senna,2021,4,789,590,2.7,"1,000,000"
Pagani,Huayra,2021,6,764,738,3,"2,600,000"
Rimac,Nevera,2021,Electric Motor,1888,1696,1.85,"2,400,000"
